,id,naverkeyword
0,0,혼밥혼술
1,0,가족끼리
2,0,맛있어요
3,0,만족해요
4,0,친절해요
5,0,편리해요
6,1,연인끼리
7,1,맛있어요
8,1,친절해요
9,1,깨끗해요
10,1,다양해요
11,1,독특해요
12,2,혼밥혼술
13,2,연인끼리
14,2,맛있어요
15,2,만족해요
16,2,친절해요
17,2,다양해요
18,2,독특해요
19,3,연인끼리
20,3,맛있어요
21,3,만족해요
22,3,친절해요
23,3,깨끗해요
24,3,다양해요
25,3,독특해요
26,4,맛있어요
27,4,만족해요
28,4,친절해요
29,4,깨끗해요
30,4,다양해요
31,4,독특해요
32,5,연인끼리
33,5,맛있어요
34,5,만족해요
35,5,친절해요
36,5,깨끗해요
37,5,다양해요
38,5,독특해요
39,6,연인끼리
40,6,가족끼리
41,6,맛있어요
42,6,친절해요
43,6,편리해요
44,6,깨끗해요
45,6,다양해요
46,6,독특해요
47,7,연인끼리
48,7,맛있어요
49,7,만족해요
50,7,친절해요
51,7,깨끗해요
52,7,다양해요
53,7,독특해요
54,8,연인끼리
55,8,맛있어요
56,8,만족해요
57,8,친절해요
58,8,깨끗해요
59,8,다양해요
60,8,독특해요
61,9,혼밥혼술
62,9,가족끼리
63,9,맛있어요
64,9,만족해요
65,9,친절해요
66,9,편리해요
67,10,연인끼리
68,10,맛있어요
69,10,만족해요
70,10,친절해요
71,10,깨끗해요
72,10,다양해요
73,10,독특해요
74,11,가족끼리
75,11,맛있어요
76,11,만족해요
77,11,친절해요
78,11,편리해요
79,11,깨끗해요
80,12,연인끼리
81,12,가족끼리
82,12,맛있어요
83,12,친절해요
84,12,편리해요
85,12,깨끗해요
86,12,다양해요
87,12,독특해요
88,13,가족끼리
89,13,맛있어요
90,13,만족해요
91,13,친절해요
92,13,편리해요
93,13,깨끗해요
94,13,다양해요
95,13,독특해요
96,14,혼밥혼술
97,14,맛있어요
98,14,만족해요
99,14,친절해요
100,14,깨끗해요
101,14,다양해요
102,14,독특해요
103,15,가족끼리
104,15,맛있어요
105,15,만족해요
106,15,친절해요
107,15,다양해요
108,15,독특해요
109,16,연인끼리
110,16,맛있어요
111,16,만족해요
112,16,친절해요
113,16,다양해요
114,16,독특해요
115,17,연인끼리
116,17,맛있어요
117,17,친절해요
118,17,깨끗해요
119,17,다양해요
120,17,독특해요
121,18,연인끼리
122,18,가족끼리
123,18,맛있어요
124,18,친절해요
125,18,편리해요
126,18,깨끗해요
127,18,다양해요
128,18,독특해요
129,19,연인끼리
130,19,맛있어요
131,19,친절해요
132,19,깨끗해요
133,19,다양해요
134,19,독특해요
135,20,연인끼리
136,20,맛있어요
137,20,친절해요
138,20,깨끗해요
139,20,다양해요
140,20,독특해요
141,21,연인끼리
142,21,가족끼리
143,21,맛있어요
144,21,친절해요
145,21,편리해요
146,21,깨끗해요
147,21,다양해요
148,21,독특해요
149,22,연인끼리
150,22,맛있어요
151,22,만족해요
152,22,친절해요
153,22,깨끗해요
154,23,가족끼리
155,23,맛있어요
156,23,만족해요
157,23,친절해요
158,23,다양해요
159,23,독특해요
160,24,연인끼리
161,24,맛있어요
162,24,친절해요
163,24,깨끗해요
164,24,다양해요
165,24,독특해요
166,25,연인끼리
167,25,맛있어요
168,25,만족해요
169,25,친절해요
170,25,깨끗해요
171,25,다양해요
172,25,독특해요
173,26,연인끼리
174,26,맛있어요
175,26,만족해요
176,26,친절해요
177,26,다양해요
178,26,독특해요
179,28,연인끼리
180,28,가족끼리
181,28,맛있어요
182,28,친절해요
183,28,편리해요
184,28,다양해요
185,28,독특해요
186,29,가족끼리
187,29,맛있어요
188,29,만족해요
189,29,친절해요
190,29,편리해요
191,29,깨끗해요
192,30,연인끼리
193,30,맛있어요
194,30,만족해요
195,30,친절해요
196,30,깨끗해요
197,30,다양해요
198,30,독특해요
199,31,맛있어요
200,31,만족해요
201,31,친절해요
202,31,깨끗해요
203,31,다양해요
204,31,독특해요
205,32,연인끼리
206,32,가족끼리
207,32,맛있어요
208,32,친절해요
209,32,편리해요
210,32,깨끗해요
211,33,연인끼리
212,33,맛있어요
213,33,만족해요
214,33,친절해요
215,33,깨끗해요
216,33,다양해요
217,33,독특해요
218,34,가족끼리
219,34,맛있어요
220,34,만족해요
221,34,친절해요
222,34,편리해요
223,34,깨끗해요
224,34,다양해요
225,34,독특해요
226,35,혼밥혼술
227,35,맛있어요
228,35,만족해요
229,35,친절해요
230,35,깨끗해요
231,35,다양해요
232,35,독특해요
233,36,맛있어요
234,36,만족해요
235,36,친절해요
236,36,깨끗해요
237,36,다양해요
238,36,독특해요
239,37,연인끼리
240,37,맛있어요
241,37,만족해요
242,37,친절해요
243,37,깨끗해요
244,37,다양해요
245,37,독특해요
246,38,연인끼리
247,38,가족끼리
248,38,맛있어요
249,38,만족해요
250,38,친절해요
251,38,깨끗해요
252,39,맛있어요
253,39,만족해요
254,39,친절해요
255,39,깨끗해요
256,39,다양해요
257,39,독특해요
258,40,가족끼리
259,40,맛있어요
260,40,만족해요
261,40,친절해요
262,40,편리해요
263,40,깨끗해요
264,40,다양해요
265,40,독특해요
266,41,혼밥혼술
267,41,맛있어요
268,41,만족해요
269,41,친절해요
270,41,깨끗해요
271,42,가족끼리
272,42,맛있어요
273,42,만족해요
274,42,친절해요
275,42,편리해요
276,42,깨끗해요
277,43,맛있어요
278,43,만족해요
279,43,친절해요
280,43,깨끗해요
281,43,다양해요
282,43,독특해요
283,44,연인끼리
284,44,가족끼리
285,44,맛있어요
286,44,친절해요
287,44,깨끗해요
288,44,다양해요
289,44,독특해요
290,46,연인끼리
291,46,가족끼리
292,46,맛있어요
293,46,친절해요
294,46,편리해요
295,46,깨끗해요
296,46,다양해요
297,46,독특해요
298,47,연인끼리
299,47,가족끼리
300,47,맛있어요
301,47,친절해요
302,47,편리해요
303,47,다양해요
304,47,독특해요
305,48,혼밥혼술
306,48,연인끼리
307,48,맛있어요
308,48,만족해요
309,48,친절해요
310,48,다양해요
311,48,독특해요
312,49,가족끼리
313,49,맛있어요
314,49,만족해요
315,49,친절해요
316,49,편리해요
317,50,혼밥혼술
318,50,가족끼리
319,50,맛있어요
320,50,만족해요
321,50,친절해요
322,50,편리해요
323,51,가족끼리
324,51,맛있어요
325,51,친절해요
326,51,다양해요
327,51,독특해요
328,52,연인끼리
329,52,맛있어요
330,52,만족해요
331,52,친절해요
332,52,깨끗해요
333,52,다양해요
334,52,독특해요
335,53,혼밥혼술
336,53,맛있어요
337,53,만족해요
338,53,친절해요
339,53,다양해요
340,53,독특해요
341,54,연인끼리
342,54,맛있어요
343,54,친절해요
344,54,깨끗해요
345,54,다양해요
346,54,독특해요
347,55,혼밥혼술
348,55,맛있어요
349,55,만족해요
350,55,친절해요
351,55,다양해요
352,55,독특해요
353,56,연인끼리
354,56,가족끼리
355,56,맛있어요
356,56,만족해요
357,56,친절해요
358,56,다양해요
359,56,독특해요
360,57,가족끼리
361,57,맛있어요
362,57,만족해요
363,57,친절해요
364,57,편리해요
365,57,깨끗해요
366,58,혼밥혼술
367,58,가족끼리
368,58,맛있어요
369,58,만족해요
370,58,친절해요
371,58,편리해요
372,58,다양해요
373,58,독특해요
374,59,혼밥혼술
375,59,맛있어요
376,59,만족해요
377,59,친절해요
378,59,다양해요
379,59,독특해요
380,60,연인끼리
381,60,맛있어요
382,60,친절해요
383,60,깨끗해요
384,60,다양해요
385,60,독특해요
386,61,혼밥혼술
387,61,연인끼리
388,61,맛있어요
389,61,친절해요
390,61,깨끗해요
391,61,다양해요
392,61,독특해요
393,62,가족끼리
394,62,맛있어요
395,62,만족해요
396,62,친절해요
397,62,다양해요
398,62,독특해요
399,63,가족끼리
400,63,맛있어요
401,63,만족해요
402,63,친절해요
403,63,편리해요
404,63,깨끗해요
405,63,다양해요
406,63,독특해요
407,64,연인끼리
408,64,가족끼리
409,64,맛있어요
410,64,친절해요
411,64,편리해요
412,64,깨끗해요
413,64,다양해요
414,64,독특해요
415,65,혼밥혼술
416,65,맛있어요
417,65,만족해요
418,65,친절해요
419,65,깨끗해요
420,67,맛있어요
421,67,만족해요
422,67,친절해요
423,67,깨끗해요
424,67,다양해요
425,67,독특해요
426,68,맛있어요
427,68,만족해요
428,68,친절해요
429,68,깨끗해요
430,68,다양해요
431,68,독특해요
432,69,연인끼리
433,69,가족끼리
434,69,맛있어요
435,69,친절해요
436,69,편리해요
437,69,깨끗해요
438,69,다양해요
439,69,독특해요
440,70,가족끼리
441,70,맛있어요
442,70,만족해요
443,70,친절해요
444,70,편리해요
445,70,깨끗해요
446,70,다양해요
447,70,독특해요
448,71,맛있어요
449,71,만족해요
450,71,친절해요
451,71,깨끗해요
452,71,다양해요
453,71,독특해요
454,72,가족끼리
455,72,맛있어요
456,72,만족해요
457,72,친절해요
458,72,깨끗해요
459,72,다양해요
460,72,독특해요
461,73,연인끼리
462,73,맛있어요
463,73,친절해요
464,73,깨끗해요
465,73,다양해요
466,73,독특해요
467,74,연인끼리
468,74,맛있어요
469,74,만족해요
470,74,친절해요
471,74,깨끗해요
472,74,다양해요
473,74,독특해요
474,2049,혼밥혼술
475,2049,맛있어요
476,2049,만족해요
477,2049,친절해요
478,2049,깨끗해요
479,2049,다양해요
480,2049,독특해요
481,2050,혼밥혼술
482,2050,맛있어요
483,2050,만족해요
484,2050,친절해요
485,2050,깨끗해요
486,2050,다양해요
487,2050,독특해요
488,2051,혼밥혼술
489,2051,맛있어요
490,2051,만족해요
491,2051,친절해요
492,2051,깨끗해요
493,2051,다양해요
494,2051,독특해요
495,2052,맛있어요
496,2052,만족해요
497,2052,친절해요
498,2052,깨끗해요
499,2052,다양해요
500,2052,독특해요
501,2053,혼밥혼술
502,2053,맛있어요
503,2053,만족해요
504,2053,친절해요
505,2053,다양해요
506,2053,독특해요
507,2054,혼밥혼술
508,2054,맛있어요
509,2054,만족해요
510,2054,친절해요
511,2054,깨끗해요
512,2054,다양해요
513,2054,독특해요
514,2055,혼밥혼술
515,2055,맛있어요
516,2055,만족해요
517,2055,친절해요
518,2055,다양해요
519,2055,독특해요
520,2056,연인끼리
521,2056,가족끼리
522,2056,맛있어요
523,2056,만족해요
524,2056,친절해요
525,2056,편리해요
526,2056,깨끗해요
527,2057,혼밥혼술
528,2057,맛있어요
529,2057,만족해요
530,2057,친절해요
531,2057,깨끗해요
532,2058,혼밥혼술
533,2058,가족끼리
534,2058,주차가능
535,2058,맛있어요
536,2058,친절해요
537,2058,편리해요
538,2058,깨끗해요
539,2060,혼밥혼술
540,2060,맛있어요
541,2060,만족해요
542,2060,친절해요
543,2060,깨끗해요
544,2060,다양해요
545,2060,독특해요
546,2061,혼밥혼술
547,2061,맛있어요
548,2061,만족해요
549,2061,친절해요
550,2061,깨끗해요
551,2062,혼밥혼술
552,2062,연인끼리
553,2062,맛있어요
554,2062,만족해요
555,2062,친절해요
556,2062,깨끗해요
557,2048,혼밥혼술
558,2048,맛있어요
559,2048,만족해요
560,2048,친절해요
561,2048,깨끗해요
562,5065,연인끼리
563,5065,맛있어요
564,5065,친절해요
565,5065,깨끗해요
566,5065,다양해요
567,5065,독특해요
568,5067,혼밥혼술
569,5067,연인끼리
570,5067,만족해요
571,5067,친절해요
572,5067,깨끗해요
573,5067,다양해요
574,7033,혼밥혼술
575,7033,연인끼리
576,7033,맛있어요
577,7033,만족해요
578,7033,친절해요
579,7033,다양해요
580,5070,연인끼리
581,5070,맛있어요
582,5070,친절해요
583,5070,깨끗해요
584,5070,다양해요
585,5070,독특해요
586,7039,연인끼리
587,7039,가족끼리
588,7039,맛있어요
589,7039,만족해요
590,7039,친절해요
591,7039,편리해요
592,7039,다양해요
593,7040,혼밥혼술
594,7040,가족끼리
595,7040,맛있어요
596,7040,만족해요
597,7040,친절해요
598,7040,편리해요
599,7040,다양해요
600,7042,연인끼리
601,7042,가족끼리
602,7042,맛있어요
603,7042,만족해요
604,7042,친절해요
605,7042,편리해요
606,7049,혼밥혼술
607,7049,연인끼리
608,7049,가족끼리
609,7049,맛있어요
610,7049,만족해요
611,7049,친절해요
612,7049,편리해요
613,7049,다양해요
614,1017,혼밥혼술
615,1017,맛있어요
616,1017,만족해요
617,1017,친절해요
618,1017,다양해요
619,1017,독특해요
620,1004,혼밥혼술
621,1004,연인끼리
622,1004,맛있어요
623,1004,친절해요
624,1004,깨끗해요
625,1004,다양해요
626,1004,독특해요
627,1015,혼밥혼술
628,1015,연인끼리
629,1015,맛있어요
630,1015,친절해요
631,1015,깨끗해요
632,1015,다양해요
633,1015,독특해요
634,1005,연인끼리
635,1005,맛있어요
636,1005,만족해요
637,1005,친절해요
638,1005,다양해요
639,1005,독특해요
640,7062,연인끼리
641,7062,맛있어요
642,7062,만족해요
643,7062,친절해요
644,7063,연인끼리
645,7063,가족끼리
646,7063,맛있어요
647,7063,만족해요
648,7063,친절해요
649,7063,다양해요
650,7063,독특해요
651,7064,연인끼리
652,7064,맛있어요
653,7064,만족해요
654,7064,친절해요
655,7064,깨끗해요
656,7065,연인끼리
657,7065,가족끼리
658,7065,맛있어요
659,7065,만족해요
660,7065,친절해요
661,7065,다양해요
662,7065,독특해요
663,1006,가족끼리
664,1006,맛있어요
665,1006,만족해요
666,1006,친절해요
667,1006,편리해요
668,1006,깨끗해요
669,7066,연인끼리
670,7066,맛있어요
671,7066,만족해요
672,7066,친절해요
673,7066,다양해요
674,7066,독특해요
675,7067,연인끼리
676,7067,맛있어요
677,7067,친절해요
678,7067,깨끗해요
679,7067,다양해요
680,7068,연인끼리
681,7068,맛있어요
682,7068,만족해요
683,7068,친절해요
684,7068,다양해요
685,7068,독특해요
686,7069,연인끼리
687,7069,가족끼리
688,7069,맛있어요
689,7069,만족해요
690,7069,친절해요
691,7069,깨끗해요
692,1007,가족끼리
693,1007,맛있어요
694,1007,만족해요
695,1007,친절해요
696,1007,편리해요
697,1007,깨끗해요
698,1007,다양해요
699,1007,독특해요
700,7071,연인끼리
701,7071,맛있어요
702,7071,만족해요
703,7071,친절해요
704,7071,깨끗해요
705,7071,다양해요
706,1008,가족끼리
707,1008,맛있어요
708,1008,만족해요
709,1008,친절해요
710,1008,편리해요
711,1008,깨끗해요
712,5045,연인끼리
713,5045,맛있어요
714,5045,친절해요
715,5045,다양해요
716,5045,독특해요
717,1009,연인끼리
718,1009,맛있어요
719,1009,친절해요
720,1009,깨끗해요
721,1009,다양해요
722,1009,독특해요
723,5046,연인끼리
724,5046,맛있어요
725,5046,친절해요
726,5046,다양해요
727,5046,독특해요
728,5047,연인끼리
729,5047,가족끼리
730,5047,맛있어요
731,5047,친절해요
732,5047,편리해요
733,5047,깨끗해요
734,5047,다양해요
735,5048,연인끼리
736,5048,가족끼리
737,5048,맛있어요
738,5048,친절해요
739,5048,편리해요
740,5048,깨끗해요
741,5049,연인끼리
742,5049,가족끼리
743,5049,맛있어요
744,5049,친절해요
745,5049,편리해요
746,5049,깨끗해요
747,5049,다양해요
748,1016,혼밥혼술
749,1016,맛있어요
750,1016,만족해요
751,1016,친절해요
752,1016,깨끗해요
753,5050,연인끼리
754,5050,맛있어요
755,5050,친절해요
756,5050,깨끗해요
757,5050,다양해요
758,5050,독특해요
759,1010,가족끼리
760,1010,주차가능
761,1010,맛있어요
762,1010,만족해요
763,1010,친절해요
764,1010,편리해요
765,1010,깨끗해요
766,5051,연인끼리
767,5051,가족끼리
768,5051,맛있어요
769,5051,만족해요
770,5051,친절해요
771,5051,편리해요
772,5051,깨끗해요
773,5051,다양해요
774,5051,독특해요
775,5052,연인끼리
776,5052,맛있어요
777,5052,친절해요
778,5052,깨끗해요
779,5052,다양해요
780,5052,독특해요
781,5053,연인끼리
782,5053,맛있어요
783,5053,친절해요
784,5053,깨끗해요
785,5053,다양해요
786,5053,독특해요
787,7000,연인끼리
788,7000,맛있어요
789,7000,만족해요
790,7000,친절해요
791,7000,다양해요
792,7000,독특해요
793,5055,연인끼리
794,5055,맛있어요
795,5055,친절해요
796,5055,다양해요
797,5055,독특해요
798,7002,연인끼리
799,7002,가족끼리
800,7002,맛있어요
801,7002,친절해요
802,7002,편리해요
803,7002,다양해요
804,1011,혼밥혼술
805,1011,맛있어요
806,1011,만족해요
807,1011,친절해요
808,1011,깨끗해요
809,1011,다양해요
810,1011,독특해요
811,7003,연인끼리
812,7003,맛있어요
813,7003,만족해요
814,7003,친절해요
815,7003,깨끗해요
816,7003,다양해요
817,7004,연인끼리
818,7004,맛있어요
819,7004,만족해요
820,7004,친절해요
821,7004,다양해요
822,5056,연인끼리
823,5056,가족끼리
824,5056,맛있어요
825,5056,친절해요
826,5056,편리해요
827,5056,깨끗해요
828,5056,다양해요
829,5056,독특해요
830,7005,연인끼리
831,7005,맛있어요
832,7005,만족해요
833,7005,친절해요
834,7005,깨끗해요
835,7005,다양해요
836,7006,연인끼리
837,7006,맛있어요
838,7006,만족해요
839,7006,친절해요
840,7006,다양해요
841,7006,독특해요
842,7007,연인끼리
843,7007,가족끼리
844,7007,맛있어요
845,7007,친절해요
846,7007,편리해요
847,7007,다양해요
848,7007,독특해요
849,7008,연인끼리
850,7008,가족끼리
851,7008,친절해요
852,7008,편리해요
853,7008,깨끗해요
854,7008,다양해요
855,5057,연인끼리
856,5057,맛있어요
857,5057,친절해요
858,5057,다양해요
859,5057,독특해요
860,7009,연인끼리
861,7009,가족끼리
862,7009,맛있어요
863,7009,만족해요
864,7009,친절해요
865,7009,다양해요
866,7010,연인끼리
867,7010,가족끼리
868,7010,맛있어요
869,7010,만족해요
870,7010,친절해요
871,7010,다양해요
872,7011,연인끼리
873,7011,가족끼리
874,7011,맛있어요
875,7011,만족해요
876,7011,친절해요
877,7011,편리해요
878,7011,다양해요
879,7011,독특해요
880,7012,연인끼리
881,7012,맛있어요
882,7012,만족해요
883,7012,친절해요
884,7012,깨끗해요
885,7012,다양해요
886,5058,연인끼리
887,5058,가족끼리
888,5058,맛있어요
889,5058,친절해요
890,5058,편리해요
891,5058,다양해요
892,7013,연인끼리
893,7013,맛있어요
894,7013,만족해요
895,7013,친절해요
896,7013,다양해요
897,7013,독특해요
898,7014,연인끼리
899,7014,가족끼리
900,7014,맛있어요
901,7014,만족해요
902,7014,친절해요
903,7014,깨끗해요
904,7015,연인끼리
905,7015,가족끼리
906,7015,맛있어요
907,7015,만족해요
908,7015,친절해요
909,7015,편리해요
910,7016,연인끼리
911,7016,맛있어요
912,7016,만족해요
913,7016,친절해요
914,7016,다양해요
915,7018,연인끼리
916,7018,맛있어요
917,7018,친절해요
918,7018,깨끗해요
919,7019,연인끼리
920,7019,맛있어요
921,7019,친절해요
922,7019,깨끗해요
923,7019,다양해요
924,7019,독특해요
925,7021,연인끼리
926,7021,맛있어요
927,7021,만족해요
928,7021,친절해요
929,7021,다양해요
930,7021,독특해요
931,5060,연인끼리
932,5060,맛있어요
933,5060,친절해요
934,5060,깨끗해요
935,5060,다양해요
936,5060,독특해요
937,7022,연인끼리
938,7022,가족끼리
939,7022,맛있어요
940,7022,만족해요
941,7022,친절해요
942,7022,편리해요
943,1012,연인끼리
944,1012,가족끼리
945,1012,맛있어요
946,1012,친절해요
947,1012,편리해요
948,1012,깨끗해요
949,7023,연인끼리
950,7023,맛있어요
951,7023,친절해요
952,7023,깨끗해요
953,7023,다양해요
954,7023,독특해요
955,7024,혼밥혼술
956,7024,맛있어요
957,7024,만족해요
958,7024,친절해요
959,7024,깨끗해요
960,7024,다양해요
961,5061,연인끼리
962,5061,가족끼리
963,5061,친절해요
964,5061,편리해요
965,5061,깨끗해요
966,5061,다양해요
967,7025,연인끼리
968,7025,맛있어요
969,7025,만족해요
970,7025,친절해요
971,7025,깨끗해요
972,7025,다양해요
973,7025,독특해요
974,7026,연인끼리
975,7026,가족끼리
976,7026,맛있어요
977,7026,만족해요
978,7026,친절해요
979,7026,편리해요
980,7027,연인끼리
981,7027,친절해요
982,7027,깨끗해요
983,7027,다양해요
984,7027,독특해요
985,7029,혼밥혼술
986,7029,연인끼리
987,7029,맛있어요
988,7029,만족해요
989,7029,친절해요
990,7029,다양해요
991,7030,연인끼리
992,7030,맛있어요
993,7030,만족해요
994,7030,친절해요
995,7030,다양해요
996,7030,독특해요
997,7032,혼밥혼술
998,7032,연인끼리
999,7032,맛있어요
1000,7032,친절해요
1001,7032,다양해요
1002,7034,연인끼리
1003,7034,가족끼리
1004,7034,맛있어요
1005,7034,만족해요
1006,7034,친절해요
1007,7034,편리해요
1008,7035,연인끼리
1009,7035,가족끼리
1010,7035,맛있어요
1011,7035,만족해요
1012,7035,친절해요
1013,7035,편리해요
1014,7035,다양해요
1015,7037,연인끼리
1016,7037,가족끼리
1017,7037,맛있어요
1018,7037,만족해요
1019,7037,친절해요
1020,7037,편리해요
1021,7037,다양해요
1022,7037,독특해요
1023,5064,혼밥혼술
1024,5064,연인끼리
1025,5064,맛있어요
1026,5064,친절해요
1027,5064,다양해요
1028,5000,연인끼리
1029,5000,맛있어요
1030,5000,친절해요
1031,5000,깨끗해요
1032,5000,다양해요
1033,5000,독특해요
1034,5001,연인끼리
1035,5001,맛있어요
1036,5001,친절해요
1037,5001,깨끗해요
1038,5001,다양해요
1039,5001,독특해요
1040,5002,연인끼리
1041,5002,가족끼리
1042,5002,맛있어요
1043,5002,친절해요
1044,5002,편리해요
1045,5002,다양해요
1046,5003,연인끼리
1047,5003,맛있어요
1048,5003,친절해요
1049,5003,깨끗해요
1050,5003,다양해요
1051,5004,연인끼리
1052,5004,맛있어요
1053,5004,친절해요
1054,5004,깨끗해요
1055,5004,다양해요
1056,5004,독특해요
1057,5005,연인끼리
1058,5005,맛있어요
1059,5005,친절해요
1060,5005,다양해요
1061,5005,독특해요
1062,1013,가족끼리
1063,1013,맛있어요
1064,1013,만족해요
1065,1013,친절해요
1066,1013,편리해요
1067,1013,깨끗해요
1068,1013,다양해요
1069,1013,독특해요
1070,5006,연인끼리
1071,5006,맛있어요
1072,5006,친절해요
1073,5006,깨끗해요
1074,5006,다양해요
1075,5007,연인끼리
1076,5007,맛있어요
1077,5007,친절해요
1078,5007,깨끗해요
1079,5007,다양해요
1080,5007,독특해요
1081,5009,연인끼리
1082,5009,맛있어요
1083,5009,친절해요
1084,5009,깨끗해요
1085,5009,다양해요
1086,5009,독특해요
1087,5010,연인끼리
1088,5010,맛있어요
1089,5010,친절해요
1090,5010,깨끗해요
1091,5010,다양해요
1092,5010,독특해요
1093,5011,연인끼리
1094,5011,맛있어요
1095,5011,만족해요
1096,5011,친절해요
1097,5011,다양해요
1098,5011,독특해요
1099,5012,연인끼리
1100,5012,맛있어요
1101,5012,친절해요
1102,5012,다양해요
1103,5012,독특해요
1104,5013,연인끼리
1105,5013,맛있어요
1106,5013,만족해요
1107,5013,친절해요
1108,5013,다양해요
1109,5014,연인끼리
1110,5014,맛있어요
1111,5014,친절해요
1112,5014,깨끗해요
1113,5014,다양해요
1114,5014,독특해요
1115,5015,연인끼리
1116,5015,맛있어요
1117,5015,친절해요
1118,5015,깨끗해요
1119,5015,다양해요
1120,5016,연인끼리
1121,5016,맛있어요
1122,5016,친절해요
1123,5016,깨끗해요
1124,5016,다양해요
1125,5016,독특해요
1126,5017,연인끼리
1127,5017,맛있어요
1128,5017,친절해요
1129,5017,깨끗해요
1130,5017,다양해요
1131,5017,독특해요
1132,5018,연인끼리
1133,5018,맛있어요
1134,5018,친절해요
1135,5018,깨끗해요
1136,5018,다양해요
1137,5018,독특해요
1138,5019,연인끼리
1139,5019,맛있어요
1140,5019,친절해요
1141,5019,깨끗해요
1142,5019,다양해요
1143,5020,연인끼리
1144,5020,맛있어요
1145,5020,친절해요
1146,5020,깨끗해요
1147,5020,다양해요
1148,5021,연인끼리
1149,5021,맛있어요
1150,5021,친절해요
1151,5021,깨끗해요
1152,5021,다양해요
1153,5021,독특해요
1154,5022,연인끼리
1155,5022,맛있어요
1156,5022,만족해요
1157,5022,친절해요
1158,5022,깨끗해요
1159,5022,다양해요
1160,5023,연인끼리
1161,5023,맛있어요
1162,5023,친절해요
1163,5023,깨끗해요
1164,5023,다양해요
1165,5023,독특해요
1166,5024,연인끼리
1167,5024,가족끼리
1168,5024,맛있어요
1169,5024,친절해요
1170,5024,편리해요
1171,5024,깨끗해요
1172,5024,다양해요
1173,5024,독특해요
1174,5068,연인끼리
1175,5068,가족끼리
1176,5068,맛있어요
1177,5068,친절해요
1178,5068,다양해요
1179,5026,연인끼리
1180,5026,맛있어요
1181,5026,친절해요
1182,5026,깨끗해요
1183,5026,다양해요
1184,5026,독특해요
1185,5027,혼밥혼술
1186,5027,연인끼리
1187,5027,가족끼리
1188,5027,맛있어요
1189,5027,친절해요
1190,5027,편리해요
1191,5027,다양해요
1192,5028,연인끼리
1193,5028,가족끼리
1194,5028,맛있어요
1195,5028,친절해요
1196,5028,편리해요
1197,5028,깨끗해요
1198,5028,다양해요
1199,5028,독특해요
1200,5029,연인끼리
1201,5029,맛있어요
1202,5029,친절해요
1203,5029,깨끗해요
1204,5029,다양해요
1205,5030,연인끼리
1206,5030,맛있어요
1207,5030,친절해요
1208,5030,깨끗해요
1209,5030,다양해요
1210,1014,가족끼리
1211,1014,맛있어요
1212,1014,만족해요
1213,1014,친절해요
1214,1014,다양해요
1215,1014,독특해요
1216,1000,연인끼리
1217,1000,맛있어요
1218,1000,친절해요
1219,1000,깨끗해요
1220,1000,다양해요
1221,1000,독특해요
1222,5031,연인끼리
1223,5031,맛있어요
1224,5031,친절해요
1225,5031,깨끗해요
1226,5031,다양해요
1227,5031,독특해요
1228,5032,연인끼리
1229,5032,맛있어요
1230,5032,친절해요
1231,5032,깨끗해요
1232,5032,다양해요
1233,5032,독특해요
1234,5033,연인끼리
1235,5033,맛있어요
1236,5033,친절해요
1237,5033,깨끗해요
1238,5033,다양해요
1239,5033,독특해요
1240,5034,연인끼리
1241,5034,맛있어요
1242,5034,만족해요
1243,5034,친절해요
1244,5034,깨끗해요
1245,5034,다양해요
1246,5034,독특해요
1247,1001,혼밥혼술
1248,1001,맛있어요
1249,1001,만족해요
1250,1001,친절해요
1251,1001,다양해요
1252,1001,독특해요
1253,5035,연인끼리
1254,5035,맛있어요
1255,5035,친절해요
1256,5035,깨끗해요
1257,5035,다양해요
1258,5035,독특해요
1259,5036,연인끼리
1260,5036,맛있어요
1261,5036,친절해요
1262,5036,깨끗해요
1263,5036,다양해요
1264,5036,독특해요
1265,5038,연인끼리
1266,5038,맛있어요
1267,5038,친절해요
1268,5038,다양해요
1269,5038,독특해요
1270,5039,연인끼리
1271,5039,맛있어요
1272,5039,친절해요
1273,5039,다양해요
1274,5039,독특해요
1275,1002,연인끼리
1276,1002,맛있어요
1277,1002,만족해요
1278,1002,친절해요
1279,1002,깨끗해요
1280,1002,다양해요
1281,1002,독특해요
1282,5040,연인끼리
1283,5040,맛있어요
1284,5040,만족해요
1285,5040,친절해요
1286,5040,다양해요
1287,5040,독특해요
1288,5042,연인끼리
1289,5042,만족해요
1290,5042,친절해요
1291,5042,깨끗해요
1292,5042,다양해요
1293,5043,연인끼리
1294,5043,가족끼리
1295,5043,맛있어요
1296,5043,친절해요
1297,5043,편리해요
1298,5043,다양해요
1299,5044,연인끼리
1300,5044,맛있어요
1301,5044,만족해요
1302,5044,친절해요
1303,5044,다양해요
1304,5044,독특해요
1305,3000,연인끼리
1306,3000,가족끼리
1307,3000,맛있어요
1308,3000,친절해요
1309,3000,편리해요
1310,3000,깨끗해요
1311,3000,다양해요
1312,3000,독특해요
1313,3001,연인끼리
1314,3001,맛있어요
1315,3001,만족해요
1316,3001,친절해요
1317,3001,다양해요
1318,3001,독특해요
1319,3002,연인끼리
1320,3002,맛있어요
1321,3002,친절해요
1322,3002,깨끗해요
1323,3002,다양해요
1324,3002,독특해요
1325,3003,연인끼리
1326,3003,맛있어요
1327,3003,만족해요
1328,3003,친절해요
1329,3003,다양해요
1330,3003,독특해요
1331,3004,연인끼리
1332,3004,맛있어요
1333,3004,만족해요
1334,3004,친절해요
1335,3004,깨끗해요
1336,3004,다양해요
1337,3004,독특해요
1338,3005,연인끼리
1339,3005,맛있어요
1340,3005,친절해요
1341,3005,깨끗해요
1342,3005,다양해요
1343,3005,독특해요
1344,3006,연인끼리
1345,3006,맛있어요
1346,3006,친절해요
1347,3006,깨끗해요
1348,3006,다양해요
1349,3006,독특해요
1350,3007,연인끼리
1351,3007,맛있어요
1352,3007,만족해요
1353,3007,친절해요
1354,3007,깨끗해요
1355,3007,다양해요
1356,3007,독특해요
1357,3008,연인끼리
1358,3008,맛있어요
1359,3008,만족해요
1360,3008,친절해요
1361,3008,깨끗해요
1362,3008,다양해요
1363,3008,독특해요
1364,3009,연인끼리
1365,3009,가족끼리
1366,3009,맛있어요
1367,3009,만족해요
1368,3009,친절해요
1369,3009,편리해요
1370,3009,깨끗해요
1371,3010,연인끼리
1372,3010,맛있어요
1373,3010,친절해요
1374,3010,깨끗해요
1375,3010,다양해요
1376,3010,독특해요
1377,3011,연인끼리
1378,3011,맛있어요
1379,3011,친절해요
1380,3011,깨끗해요
1381,3011,다양해요
1382,3011,독특해요
1383,3012,연인끼리
1384,3012,맛있어요
1385,3012,친절해요
1386,3012,깨끗해요
1387,3012,다양해요
1388,3012,독특해요
1389,3013,연인끼리
1390,3013,맛있어요
1391,3013,친절해요
1392,3013,깨끗해요
1393,3013,다양해요
1394,3013,독특해요
1395,3014,연인끼리
1396,3014,가족끼리
1397,3014,맛있어요
1398,3014,친절해요
1399,3014,편리해요
1400,3014,깨끗해요
1401,3014,다양해요
1402,3014,독특해요
1403,3015,연인끼리
1404,3015,맛있어요
1405,3015,친절해요
1406,3015,깨끗해요
1407,3015,다양해요
1408,3015,독특해요
1409,3016,연인끼리
1410,3016,맛있어요
1411,3016,만족해요
1412,3016,친절해요
1413,3016,깨끗해요
1414,3016,다양해요
1415,3016,독특해요
1416,3017,연인끼리
1417,3017,맛있어요
1418,3017,친절해요
1419,3017,깨끗해요
1420,3017,다양해요
1421,3017,독특해요
1422,3018,혼밥혼술
1423,3018,연인끼리
1424,3018,맛있어요
1425,3018,친절해요
1426,3018,깨끗해요
1427,3018,다양해요
1428,3018,독특해요
1429,3019,혼밥혼술
1430,3019,연인끼리
1431,3019,맛있어요
1432,3019,친절해요
1433,3019,깨끗해요
1434,3019,다양해요
1435,3019,독특해요
1436,3020,연인끼리
1437,3020,맛있어요
1438,3020,친절해요
1439,3020,깨끗해요
1440,3020,다양해요
1441,3020,독특해요
1442,3021,연인끼리
1443,3021,가족끼리
1444,3021,맛있어요
1445,3021,친절해요
1446,3021,편리해요
1447,3021,깨끗해요
1448,3021,다양해요
1449,3021,독특해요
1450,3022,연인끼리
1451,3022,맛있어요
1452,3022,만족해요
1453,3022,친절해요
1454,3022,깨끗해요
1455,3022,다양해요
1456,3022,독특해요
1457,3023,연인끼리
1458,3023,맛있어요
1459,3023,만족해요
1460,3023,친절해요
1461,3023,깨끗해요
1462,3023,다양해요
1463,3023,독특해요
1464,3024,연인끼리
1465,3024,맛있어요
1466,3024,친절해요
1467,3024,깨끗해요
1468,3024,다양해요
1469,3024,독특해요
1470,3025,연인끼리
1471,3025,가족끼리
1472,3025,맛있어요
1473,3025,친절해요
1474,3025,편리해요
1475,3025,깨끗해요
1476,3025,다양해요
1477,3025,독특해요
1478,3026,연인끼리
1479,3026,맛있어요
1480,3026,친절해요
1481,3026,깨끗해요
1482,3026,다양해요
1483,3026,독특해요
1484,3027,연인끼리
1485,3027,가족끼리
1486,3027,맛있어요
1487,3027,친절해요
1488,3027,편리해요
1489,3027,깨끗해요
1490,3027,다양해요
1491,3027,독특해요
1492,3028,연인끼리
1493,3028,맛있어요
1494,3028,친절해요
1495,3028,깨끗해요
1496,3028,다양해요
1497,3028,독특해요
1498,3029,연인끼리
1499,3029,맛있어요
1500,3029,만족해요
1501,3029,친절해요
1502,3029,깨끗해요
1503,3029,다양해요
1504,3029,독특해요
1505,3030,연인끼리
1506,3030,맛있어요
1507,3030,만족해요
1508,3030,친절해요
1509,3030,깨끗해요
1510,3030,다양해요
1511,3030,독특해요
1512,3031,연인끼리
1513,3031,맛있어요
1514,3031,친절해요
1515,3031,깨끗해요
1516,3031,다양해요
1517,3031,독특해요
1518,3032,혼밥혼술
1519,3032,가족끼리
1520,3032,맛있어요
1521,3032,만족해요
1522,3032,편리해요
1523,3032,깨끗해요
1524,3032,다양해요
1525,3032,독특해요
1526,3033,연인끼리
1527,3033,맛있어요
1528,3033,만족해요
1529,3033,친절해요
1530,3033,깨끗해요
1531,3033,다양해요
1532,3033,독특해요
1533,3034,연인끼리
1534,3034,맛있어요
1535,3034,만족해요
1536,3034,친절해요
1537,3034,깨끗해요
1538,3034,다양해요
1539,3034,독특해요
1540,3035,연인끼리
1541,3035,가족끼리
1542,3035,맛있어요
1543,3035,친절해요
1544,3035,편리해요
1545,3035,깨끗해요
1546,3035,다양해요
1547,3035,독특해요
1548,3036,연인끼리
1549,3036,맛있어요
1550,3036,친절해요
1551,3036,깨끗해요
1552,3036,다양해요
1553,3036,독특해요
1554,3037,연인끼리
1555,3037,맛있어요
1556,3037,친절해요
1557,3037,깨끗해요
1558,3037,다양해요
1559,3037,독특해요
1560,3038,연인끼리
1561,3038,맛있어요
1562,3038,친절해요
1563,3038,깨끗해요
1564,3038,다양해요
1565,3038,독특해요
1566,3039,연인끼리
1567,3039,가족끼리
1568,3039,맛있어요
1569,3039,친절해요
1570,3039,편리해요
1571,3039,깨끗해요
1572,3039,다양해요
1573,3039,독특해요
1574,3040,연인끼리
1575,3040,맛있어요
1576,3040,만족해요
1577,3040,친절해요
1578,3040,다양해요
1579,3040,독특해요
1580,3041,연인끼리
1581,3041,가족끼리
1582,3041,맛있어요
1583,3041,친절해요
1584,3041,편리해요
1585,3041,깨끗해요
1586,3041,다양해요
1587,3041,독특해요
1588,3042,연인끼리
1589,3042,맛있어요
1590,3042,만족해요
1591,3042,친절해요
1592,3042,다양해요
1593,3042,독특해요
1594,3043,연인끼리
1595,3043,맛있어요
1596,3043,친절해요
1597,3043,깨끗해요
1598,3043,다양해요
1599,3043,독특해요
1600,3044,연인끼리
1601,3044,맛있어요
1602,3044,친절해요
1603,3044,깨끗해요
1604,3044,다양해요
1605,3044,독특해요
1606,3045,혼밥혼술
1607,3045,연인끼리
1608,3045,맛있어요
1609,3045,친절해요
1610,3045,깨끗해요
1611,3045,다양해요
1612,3045,독특해요
1613,3046,연인끼리
1614,3046,맛있어요
1615,3046,만족해요
1616,3046,친절해요
1617,3046,깨끗해요
1618,3046,다양해요
1619,3046,독특해요
1620,3047,연인끼리
1621,3047,가족끼리
1622,3047,맛있어요
1623,3047,친절해요
1624,3047,편리해요
1625,3047,깨끗해요
1626,3047,다양해요
1627,3047,독특해요
1628,3048,혼밥혼술
1629,3048,연인끼리
1630,3048,맛있어요
1631,3048,친절해요
1632,3048,깨끗해요
1633,3048,다양해요
1634,3048,독특해요
1635,3049,연인끼리
1636,3049,맛있어요
1637,3049,친절해요
1638,3049,깨끗해요
1639,3049,다양해요
1640,3049,독특해요
1641,3050,연인끼리
1642,3050,맛있어요
1643,3050,만족해요
1644,3050,친절해요
1645,3050,깨끗해요
1646,3050,다양해요
1647,3050,독특해요
1648,3051,혼밥혼술
1649,3051,맛있어요
1650,3051,만족해요
1651,3051,친절해요
1652,3051,깨끗해요
1653,3051,다양해요
1654,3051,독특해요
1655,3052,연인끼리
1656,3052,맛있어요
1657,3052,친절해요
1658,3052,깨끗해요
1659,3052,다양해요
1660,3052,독특해요
1661,3053,연인끼리
1662,3053,맛있어요
1663,3053,친절해요
1664,3053,깨끗해요
1665,3053,다양해요
1666,3053,독특해요
1667,3054,연인끼리
1668,3054,맛있어요
1669,3054,만족해요
1670,3054,친절해요
1671,3054,깨끗해요
1672,3054,다양해요
1673,3054,독특해요
1674,3055,연인끼리
1675,3055,맛있어요
1676,3055,만족해요
1677,3055,친절해요
1678,3055,깨끗해요
1679,3055,다양해요
1680,3055,독특해요
1681,3056,연인끼리
1682,3056,맛있어요
1683,3056,만족해요
1684,3056,친절해요
1685,3056,깨끗해요
1686,3056,다양해요
1687,3056,독특해요
1688,3057,혼밥혼술
1689,3057,연인끼리
1690,3057,맛있어요
1691,3057,친절해요
1692,3057,깨끗해요
1693,3057,다양해요
1694,3057,독특해요
1695,3058,연인끼리
1696,3058,맛있어요
1697,3058,만족해요
1698,3058,친절해요
1699,3058,다양해요
1700,3058,독특해요
1701,3059,혼밥혼술
1702,3059,맛있어요
1703,3059,만족해요
1704,3059,친절해요
1705,3059,다양해요
1706,3059,독특해요
1707,1003,혼밥혼술
1708,1003,맛있어요
1709,1003,만족해요
1710,1003,친절해요
1711,1003,깨끗해요
1712,1003,다양해요
1713,1003,독특해요
1714,3061,연인끼리
1715,3061,맛있어요
1716,3061,친절해요
1717,3061,깨끗해요
1718,3061,다양해요
1719,3061,독특해요
1720,3062,연인끼리
1721,3062,맛있어요
1722,3062,만족해요
1723,3062,친절해요
1724,3062,깨끗해요
1725,3063,혼밥혼술
1726,3063,연인끼리
1727,3063,맛있어요
1728,3063,친절해요
1729,3063,깨끗해요
1730,3063,다양해요
1731,3063,독특해요
1732,3064,연인끼리
1733,3064,맛있어요
1734,3064,친절해요
1735,3064,깨끗해요
1736,3064,다양해요
1737,3064,독특해요
1738,3065,연인끼리
1739,3065,맛있어요
1740,3065,친절해요
1741,3065,깨끗해요
1742,3065,다양해요
1743,3065,독특해요
1744,3066,연인끼리
1745,3066,맛있어요
1746,3066,만족해요
1747,3066,친절해요
1748,3066,깨끗해요
1749,3066,다양해요
1750,3066,독특해요
1751,3067,연인끼리
1752,3067,맛있어요
1753,3067,친절해요
1754,3067,깨끗해요
1755,3067,다양해요
1756,3067,독특해요
1757,3068,연인끼리
1758,3068,맛있어요
1759,3068,만족해요
1760,3068,친절해요
1761,3068,깨끗해요
1762,3068,다양해요
1763,3068,독특해요
1764,3070,연인끼리
1765,3070,맛있어요
1766,3070,만족해요
1767,3070,친절해요
1768,3070,깨끗해요
1769,3070,다양해요
1770,3070,독특해요
1771,3071,연인끼리
1772,3071,맛있어요
1773,3071,만족해요
1774,3071,친절해요
1775,3071,깨끗해요
1776,1024,혼밥혼술
1777,1024,맛있어요
1778,1024,만족해요
1779,1024,친절해요
1780,1024,깨끗해요
1781,3073,연인끼리
1782,3073,맛있어요
1783,3073,친절해요
1784,3073,깨끗해요
1785,1026,혼밥혼술
1786,1026,연인끼리
1787,1026,맛있어요
1788,1026,만족해요
1789,1026,친절해요
1790,1026,깨끗해요
1791,3074,연인끼리
1792,3074,맛있어요
1793,3074,친절해요
1794,3074,깨끗해요
1795,3074,다양해요
1796,3074,독특해요
1797,1027,혼밥혼술
1798,1027,맛있어요
1799,1027,만족해요
1800,1027,친절해요
1801,1027,깨끗해요
1802,1028,혼밥혼술
1803,1028,맛있어요
1804,1028,만족해요
1805,1028,친절해요
1806,1028,다양해요
1807,1028,독특해요
1808,1029,혼밥혼술
1809,1029,가족끼리
1810,1029,맛있어요
1811,1029,만족해요
1812,1029,친절해요
1813,1029,편리해요
1814,1029,깨끗해요
1815,1031,혼밥혼술
1816,1031,맛있어요
1817,1031,만족해요
1818,1031,친절해요
1819,1031,깨끗해요
1820,1032,맛있어요
1821,1032,만족해요
1822,1032,친절해요
1823,1032,깨끗해요
1824,1032,다양해요
1825,1032,독특해요
1826,1033,혼밥혼술
1827,1033,가족끼리
1828,1033,맛있어요
1829,1033,만족해요
1830,1033,친절해요
1831,1033,편리해요
1832,1034,혼밥혼술
1833,1034,맛있어요
1834,1034,만족해요
1835,1034,친절해요
1836,1034,깨끗해요
1837,1035,혼밥혼술
1838,1035,가족끼리
1839,1035,맛있어요
1840,1035,만족해요
1841,1035,친절해요
1842,1035,편리해요
1843,1035,깨끗해요
1844,1036,혼밥혼술
1845,1036,연인끼리
1846,1036,맛있어요
1847,1036,친절해요
1848,1036,깨끗해요
1849,1036,다양해요
1850,1036,독특해요
1851,1037,혼밥혼술
1852,1037,가족끼리
1853,1037,맛있어요
1854,1037,만족해요
1855,1037,친절해요
1856,1037,편리해요
1857,1038,맛있어요
1858,1038,만족해요
1859,1038,친절해요
1860,1038,깨끗해요
1861,1038,다양해요
1862,1038,독특해요
1863,1039,혼밥혼술
1864,1039,맛있어요
1865,1039,만족해요
1866,1039,친절해요
1867,1039,깨끗해요
1868,1039,다양해요
1869,1039,독특해요
1870,1040,가족끼리
1871,1040,맛있어요
1872,1040,만족해요
1873,1040,친절해요
1874,1040,편리해요
1875,1040,깨끗해요
1876,1041,혼밥혼술
1877,1041,가족끼리
1878,1041,맛있어요
1879,1041,만족해요
1880,1041,친절해요
1881,1041,편리해요
1882,1041,깨끗해요
1883,1018,연인끼리
1884,1018,가족끼리
1885,1018,주차가능
1886,1018,맛있어요
1887,1018,친절해요
1888,1018,편리해요
1889,1018,깨끗해요
1890,1018,다양해요
1891,1018,독특해요
1892,1043,혼밥혼술
1893,1043,가족끼리
1894,1043,맛있어요
1895,1043,만족해요
1896,1043,친절해요
1897,1043,편리해요
1898,1044,혼밥혼술
1899,1044,가족끼리
1900,1044,맛있어요
1901,1044,만족해요
1902,1044,친절해요
1903,1044,편리해요
1904,1045,혼밥혼술
1905,1045,맛있어요
1906,1045,만족해요
1907,1045,친절해요
1908,1045,깨끗해요
1909,1046,혼밥혼술
1910,1046,가족끼리
1911,1046,맛있어요
1912,1046,만족해요
1913,1046,친절해요
1914,1046,편리해요
1915,1046,깨끗해요
1916,1047,혼밥혼술
1917,1047,맛있어요
1918,1047,만족해요
1919,1047,친절해요
1920,1047,깨끗해요
1921,1049,혼밥혼술
1922,1049,맛있어요
1923,1049,만족해요
1924,1049,친절해요
1925,1049,깨끗해요
1926,1050,혼밥혼술
1927,1050,가족끼리
1928,1050,맛있어요
1929,1050,만족해요
1930,1050,친절해요
1931,1050,편리해요
1932,1051,혼밥혼술
1933,1051,맛있어요
1934,1051,만족해요
1935,1051,친절해요
1936,1051,깨끗해요
1937,1052,혼밥혼술
1938,1052,가족끼리
1939,1052,맛있어요
1940,1052,만족해요
1941,1052,친절해요
1942,1052,편리해요
1943,1053,혼밥혼술
1944,1053,가족끼리
1945,1053,맛있어요
1946,1053,만족해요
1947,1053,친절해요
1948,1053,편리해요
1949,1053,다양해요
1950,1053,독특해요
1951,1054,혼밥혼술
1952,1054,가족끼리
1953,1054,맛있어요
1954,1054,만족해요
1955,1054,친절해요
1956,1054,편리해요
1957,1055,혼밥혼술
1958,1055,맛있어요
1959,1055,만족해요
1960,1055,친절해요
1961,1055,다양해요
1962,1055,독특해요
1963,1056,혼밥혼술
1964,1056,주차가능
1965,1056,맛있어요
1966,1056,만족해요
1967,1056,친절해요
1968,1056,편리해요
1969,1058,혼밥혼술
1970,1058,맛있어요
1971,1058,만족해요
1972,1058,친절해요
1973,1058,깨끗해요
1974,1058,다양해요
1975,1058,독특해요
1976,1062,혼밥혼술
1977,1062,맛있어요
1978,1062,만족해요
1979,1062,친절해요
1980,1062,다양해요
1981,1062,독특해요
1982,1019,혼밥혼술
1983,1019,맛있어요
1984,1019,만족해요
1985,1019,친절해요
1986,1019,다양해요
1987,1019,독특해요
1988,1020,가족끼리
1989,1020,맛있어요
1990,1020,만족해요
1991,1020,친절해요
1992,1020,깨끗해요
1993,1020,다양해요
1994,1020,독특해요
1995,1030,혼밥혼술
1996,1030,맛있어요
1997,1030,만족해요
1998,1030,친절해요
1999,1030,다양해요
2000,1030,독특해요
2001,1022,혼밥혼술
2002,1022,맛있어요
2003,1022,만족해요
2004,1022,친절해요
2005,1022,깨끗해요
2006,1022,다양해요
2007,1022,독특해요
2008,4052,연인끼리
2009,4052,맛있어요
2010,4052,친절해요
2011,4053,연인끼리
2012,4053,맛있어요
2013,4053,친절해요
2014,4053,깨끗해요
2015,4053,다양해요
2016,4053,독특해요
2017,4054,연인끼리
2018,4054,맛있어요
2019,4054,친절해요
2020,4054,편리해요
2021,4054,깨끗해요
2022,4067,연인끼리
2023,4067,맛있어요
2024,4067,만족해요
2025,4067,친절해요
2026,4067,깨끗해요
2027,4067,다양해요
2028,4067,독특해요
2029,4055,연인끼리
2030,4055,맛있어요
2031,4055,친절해요
2032,4055,깨끗해요
2033,4055,다양해요
2034,4055,독특해요
2035,4056,연인끼리
2036,4056,맛있어요
2037,4056,친절해요
2038,4056,깨끗해요
2039,4056,다양해요
2040,4056,독특해요
2041,4057,연인끼리
2042,4057,맛있어요
2043,4057,친절해요
2044,4057,깨끗해요
2045,4057,다양해요
2046,4057,독특해요
2047,6042,연인끼리
2048,6042,맛있어요
2049,6042,만족해요
2050,6042,친절해요
2051,6042,다양해요
2052,6042,독특해요
2053,6043,연인끼리
2054,6043,맛있어요
2055,6043,만족해요
2056,6043,친절해요
2057,6043,깨끗해요
2058,6043,다양해요
2059,6043,독특해요
2060,4058,연인끼리
2061,4058,맛있어요
2062,4058,친절해요
2063,4058,깨끗해요
2064,6044,연인끼리
2065,6044,맛있어요
2066,6044,만족해요
2067,6044,친절해요
2068,6044,깨끗해요
2069,6044,다양해요
2070,6044,독특해요
2071,6045,연인끼리
2072,6045,가족끼리
2073,6045,맛있어요
2074,6045,만족해요
2075,6045,친절해요
2076,6045,다양해요
2077,6045,독특해요
2078,6046,연인끼리
2079,6046,가족끼리
2080,6046,맛있어요
2081,6046,만족해요
2082,6046,친절해요
2083,6046,편리해요
2084,6046,다양해요
2085,6046,독특해요
2086,6047,연인끼리
2087,6047,맛있어요
2088,6047,만족해요
2089,6047,친절해요
2090,6047,다양해요
2091,6047,독특해요
2092,6048,연인끼리
2093,6048,맛있어요
2094,6048,만족해요
2095,6048,친절해요
2096,6048,다양해요
2097,6048,독특해요
2098,4059,연인끼리
2099,4059,맛있어요
2100,4059,친절해요
2101,4059,깨끗해요
2102,6049,연인끼리
2103,6049,맛있어요
2104,6049,만족해요
2105,6049,친절해요
2106,6049,다양해요
2107,6049,독특해요
2108,6050,연인끼리
2109,6050,맛있어요
2110,6050,만족해요
2111,6050,친절해요
2112,6050,깨끗해요
2113,6050,다양해요
2114,6050,독특해요
2115,4068,연인끼리
2116,4068,맛있어요
2117,4068,친절해요
2118,4068,깨끗해요
2119,4068,다양해요
2120,4068,독특해요
2121,6051,연인끼리
2122,6051,맛있어요
2123,6051,친절해요
2124,6051,깨끗해요
2125,6051,다양해요
2126,6051,독특해요
2127,6052,연인끼리
2128,6052,맛있어요
2129,6052,만족해요
2130,6052,친절해요
2131,6052,깨끗해요
2132,6052,다양해요
2133,6052,독특해요
2134,6053,연인끼리
2135,6053,맛있어요
2136,6053,만족해요
2137,6053,친절해요
2138,6053,다양해요
2139,6053,독특해요
2140,4060,연인끼리
2141,4060,맛있어요
2142,4060,친절해요
2143,4060,깨끗해요
2144,4060,다양해요
2145,4060,독특해요
2146,6054,연인끼리
2147,6054,가족끼리
2148,6054,맛있어요
2149,6054,친절해요
2150,6054,편리해요
2151,6054,깨끗해요
2152,6054,다양해요
2153,6054,독특해요
2154,6055,혼밥혼술
2155,6055,맛있어요
2156,6055,만족해요
2157,6055,친절해요
2158,6055,다양해요
2159,6055,독특해요
2160,6056,연인끼리
2161,6056,맛있어요
2162,6056,친절해요
2163,6056,깨끗해요
2164,6056,다양해요
2165,6056,독특해요
2166,6057,혼밥혼술
2167,6057,연인끼리
2168,6057,맛있어요
2169,6057,친절해요
2170,6057,다양해요
2171,6057,독특해요
2172,6058,혼밥혼술
2173,6058,연인끼리
2174,6058,맛있어요
2175,6058,만족해요
2176,6058,친절해요
2177,6058,다양해요
2178,6058,독특해요
2179,6059,혼밥혼술
2180,6059,연인끼리
2181,6059,맛있어요
2182,6059,만족해요
2183,6059,친절해요
2184,6059,다양해요
2185,6059,독특해요
2186,6060,연인끼리
2187,6060,맛있어요
2188,6060,친절해요
2189,6060,깨끗해요
2190,6060,다양해요
2191,6060,독특해요
2192,6061,연인끼리
2193,6061,맛있어요
2194,6061,만족해요
2195,6061,친절해요
2196,6061,깨끗해요
2197,6061,다양해요
2198,6061,독특해요
2199,6062,연인끼리
2200,6062,맛있어요
2201,6062,만족해요
2202,6062,친절해요
2203,6062,다양해요
2204,6062,독특해요
2205,6063,혼밥혼술
2206,6063,연인끼리
2207,6063,맛있어요
2208,6063,친절해요
2209,6063,깨끗해요
2210,6063,다양해요
2211,6063,독특해요
2212,4062,작업공간
2213,4062,연인끼리
2214,4062,맛있어요
2215,4062,친절해요
2216,4062,깨끗해요
2217,4062,다양해요
2218,4062,독특해요
2219,6064,연인끼리
2220,6064,맛있어요
2221,6064,친절해요
2222,6064,깨끗해요
2223,6064,다양해요
2224,6064,독특해요
2225,6065,가족끼리
2226,6065,맛있어요
2227,6065,만족해요
2228,6065,편리해요
2229,6065,다양해요
2230,6065,독특해요
2231,6066,연인끼리
2232,6066,맛있어요
2233,6066,친절해요
2234,6066,깨끗해요
2235,6066,다양해요
2236,6066,독특해요
2237,6067,연인끼리
2238,6067,맛있어요
2239,6067,만족해요
2240,6067,친절해요
2241,6067,다양해요
2242,6067,독특해요
2243,4063,연인끼리
2244,4063,맛있어요
2245,4063,친절해요
2246,4063,깨끗해요
2247,4064,연인끼리
2248,4064,맛있어요
2249,4064,친절해요
2250,4064,다양해요
2251,4064,독특해요
2252,4069,연인끼리
2253,4069,맛있어요
2254,4069,친절해요
2255,4069,깨끗해요
2256,4070,연인끼리
2257,4070,맛있어요
2258,4070,친절해요
2259,4070,깨끗해요
2260,4070,다양해요
2261,4070,독특해요
2262,6000,연인끼리
2263,6000,맛있어요
2264,6000,만족해요
2265,6000,친절해요
2266,6000,다양해요
2267,6000,독특해요
2268,6001,연인끼리
2269,6001,맛있어요
2270,6001,만족해요
2271,6001,친절해요
2272,6001,깨끗해요
2273,6001,다양해요
2274,6001,독특해요
2275,6002,연인끼리
2276,6002,맛있어요
2277,6002,친절해요
2278,6002,깨끗해요
2279,6002,다양해요
2280,6002,독특해요
2281,6003,혼밥혼술
2282,6003,연인끼리
2283,6003,맛있어요
2284,6003,친절해요
2285,6003,깨끗해요
2286,6003,다양해요
2287,6003,독특해요
2288,6004,연인끼리
2289,6004,맛있어요
2290,6004,만족해요
2291,6004,친절해요
2292,6004,깨끗해요
2293,6004,다양해요
2294,6005,혼밥혼술
2295,6005,맛있어요
2296,6005,만족해요
2297,6005,친절해요
2298,6005,다양해요
2299,6005,독특해요
2300,6006,연인끼리
2301,6006,맛있어요
2302,6006,만족해요
2303,6006,친절해요
2304,6006,깨끗해요
2305,6006,다양해요
2306,6006,독특해요
2307,6007,연인끼리
2308,6007,가족끼리
2309,6007,맛있어요
2310,6007,만족해요
2311,6007,친절해요
2312,6007,편리해요
2313,6007,깨끗해요
2314,6008,연인끼리
2315,6008,맛있어요
2316,6008,친절해요
2317,6008,깨끗해요
2318,6008,다양해요
2319,6008,독특해요
2320,6009,연인끼리
2321,6009,맛있어요
2322,6009,만족해요
2323,6009,친절해요
2324,6009,깨끗해요
2325,6009,다양해요
2326,6009,독특해요
2327,6010,연인끼리
2328,6010,맛있어요
2329,6010,만족해요
2330,6010,친절해요
2331,6010,깨끗해요
2332,6010,다양해요
2333,6011,연인끼리
2334,6011,가족끼리
2335,6011,맛있어요
2336,6011,친절해요
2337,6011,편리해요
2338,6011,깨끗해요
2339,6011,다양해요
2340,6011,독특해요
2341,4065,연인끼리
2342,4065,맛있어요
2343,4065,친절해요
2344,4065,깨끗해요
2345,6012,연인끼리
2346,6012,맛있어요
2347,6012,만족해요
2348,6012,친절해요
2349,6012,깨끗해요
2350,6012,다양해요
2351,6012,독특해요
2352,6013,연인끼리
2353,6013,맛있어요
2354,6013,만족해요
2355,6013,친절해요
2356,6013,다양해요
2357,6013,독특해요
2358,6014,혼밥혼술
2359,6014,연인끼리
2360,6014,가족끼리
2361,6014,맛있어요
2362,6014,만족해요
2363,6014,친절해요
2364,6014,다양해요
2365,6014,독특해요
2366,6015,연인끼리
2367,6015,가족끼리
2368,6015,맛있어요
2369,6015,친절해요
2370,6015,편리해요
2371,6015,깨끗해요
2372,6015,다양해요
2373,6016,혼밥혼술
2374,6016,연인끼리
2375,6016,맛있어요
2376,6016,친절해요
2377,6016,다양해요
2378,6016,독특해요
2379,6017,연인끼리
2380,6017,맛있어요
2381,6017,친절해요
2382,6017,깨끗해요
2383,6017,다양해요
2384,6017,독특해요
2385,6018,연인끼리
2386,6018,가족끼리
2387,6018,맛있어요
2388,6018,친절해요
2389,6018,깨끗해요
2390,6018,다양해요
2391,6019,연인끼리
2392,6019,맛있어요
2393,6019,친절해요
2394,6019,깨끗해요
2395,6019,다양해요
2396,6019,독특해요
2397,6020,연인끼리
2398,6020,맛있어요
2399,6020,만족해요
2400,6020,친절해요
2401,6020,깨끗해요
2402,6020,다양해요
2403,6020,독특해요
2404,6021,연인끼리
2405,6021,맛있어요
2406,6021,친절해요
2407,6021,깨끗해요
2408,6021,다양해요
2409,6021,독특해요
2410,6022,연인끼리
2411,6022,맛있어요
2412,6022,만족해요
2413,6022,친절해요
2414,6022,다양해요
2415,6022,독특해요
2416,6023,연인끼리
2417,6023,맛있어요
2418,6023,친절해요
2419,6023,깨끗해요
2420,6023,다양해요
2421,6023,독특해요
2422,6024,연인끼리
2423,6024,맛있어요
2424,6024,만족해요
2425,6024,친절해요
2426,6024,깨끗해요
2427,6024,다양해요
2428,6024,독특해요
2429,6025,연인끼리
2430,6025,맛있어요
2431,6025,친절해요
2432,6025,다양해요
2433,6025,독특해요
2434,6026,연인끼리
2435,6026,가족끼리
2436,6026,맛있어요
2437,6026,친절해요
2438,6026,편리해요
2439,6026,깨끗해요
2440,6026,다양해요
2441,6026,독특해요
2442,6027,연인끼리
2443,6027,가족끼리
2444,6027,맛있어요
2445,6027,친절해요
2446,6027,편리해요
2447,6027,깨끗해요
2448,6028,연인끼리
2449,6028,맛있어요
2450,6028,친절해요
2451,6028,깨끗해요
2452,6028,다양해요
2453,6028,독특해요
2454,4048,연인끼리
2455,4048,맛있어요
2456,4048,친절해요
2457,4048,깨끗해요
2458,6029,연인끼리
2459,6029,가족끼리
2460,6029,맛있어요
2461,6029,만족해요
2462,6029,친절해요
2463,6029,편리해요
2464,6029,다양해요
2465,6029,독특해요
2466,6030,연인끼리
2467,6030,맛있어요
2468,6030,만족해요
2469,6030,친절해요
2470,6030,다양해요
2471,6030,독특해요
2472,6031,연인끼리
2473,6031,가족끼리
2474,6031,맛있어요
2475,6031,친절해요
2476,6031,편리해요
2477,6031,깨끗해요
2478,6031,다양해요
2479,6031,독특해요
2480,6032,연인끼리
2481,6032,맛있어요
2482,6032,친절해요
2483,6032,깨끗해요
2484,6032,다양해요
2485,6032,독특해요
2486,4049,연인끼리
2487,4049,맛있어요
2488,4049,친절해요
2489,4049,깨끗해요
2490,6033,혼밥혼술
2491,6033,연인끼리
2492,6033,맛있어요
2493,6033,만족해요
2494,6033,친절해요
2495,6033,다양해요
2496,6033,독특해요
2497,4066,연인끼리
2498,4066,맛있어요
2499,4066,친절해요
2500,4066,깨끗해요
2501,4066,다양해요
2502,4066,독특해요
2503,6034,연인끼리
2504,6034,맛있어요
2505,6034,만족해요
2506,6034,친절해요
2507,6034,다양해요
2508,6034,독특해요
2509,6035,연인끼리
2510,6035,맛있어요
2511,6035,만족해요
2512,6035,친절해요
2513,6035,다양해요
2514,6035,독특해요
2515,4050,연인끼리
2516,4050,맛있어요
2517,4050,친절해요
2518,4050,깨끗해요
2519,6036,연인끼리
2520,6036,맛있어요
2521,6036,친절해요
2522,6036,깨끗해요
2523,6036,다양해요
2524,6036,독특해요
2525,6037,연인끼리
2526,6037,가족끼리
2527,6037,맛있어요
2528,6037,친절해요
2529,6037,편리해요
2530,6037,다양해요
2531,6037,독특해요
2532,6038,혼밥혼술
2533,6038,연인끼리
2534,6038,가족끼리
2535,6038,맛있어요
2536,6038,만족해요
2537,6038,친절해요
2538,6038,편리해요
2539,6038,다양해요
2540,6038,독특해요
2541,6039,연인끼리
2542,6039,맛있어요
2543,6039,만족해요
2544,6039,친절해요
2545,6039,깨끗해요
2546,6039,다양해요
2547,6039,독특해요
2548,6040,연인끼리
2549,6040,맛있어요
2550,6040,만족해요
2551,6040,친절해요
2552,6040,깨끗해요
2553,6040,다양해요
2554,6040,독특해요
2555,6041,연인끼리
2556,6041,가족끼리
2557,6041,맛있어요
2558,6041,친절해요
2559,6041,편리해요
2560,6041,깨끗해요
2561,6041,다양해요
2562,6041,독특해요
2563,4000,연인끼리
2564,4000,맛있어요
2565,4001,연인끼리
2566,4001,맛있어요
2567,4001,친절해요
2568,4001,다양해요
2569,4001,독특해요
2570,4002,연인끼리
2571,4002,맛있어요
2572,4002,친절해요
2573,4002,깨끗해요
2574,4002,다양해요
2575,4002,독특해요
2576,4003,연인끼리
2577,4003,맛있어요
2578,4003,친절해요
2579,4003,다양해요
2580,4003,독특해요
2581,4004,연인끼리
2582,4004,맛있어요
2583,4004,친절해요
2584,4004,편리해요
2585,4004,깨끗해요
2586,4004,다양해요
2587,4004,독특해요
2588,4005,연인끼리
2589,4005,맛있어요
2590,4005,친절해요
2591,4005,깨끗해요
2592,4006,연인끼리
2593,4006,맛있어요
2594,4006,친절해요
2595,4006,깨끗해요
2596,4006,다양해요
2597,4006,독특해요
2598,4007,연인끼리
2599,4007,맛있어요
2600,4007,친절해요
2601,4007,다양해요
2602,4007,독특해요
2603,4008,연인끼리
2604,4008,맛있어요
2605,4008,만족해요
2606,4008,친절해요
2607,4008,깨끗해요
2608,4008,다양해요
2609,4008,독특해요
2610,4009,연인끼리
2611,4009,맛있어요
2612,4009,친절해요
2613,4009,깨끗해요
2614,4010,연인끼리
2615,4010,맛있어요
2616,4010,친절해요
2617,4010,깨끗해요
2618,4010,다양해요
2619,4010,독특해요
2620,4011,연인끼리
2621,4011,맛있어요
2622,4011,친절해요
2623,4011,깨끗해요
2624,4012,연인끼리
2625,4012,맛있어요
2626,4012,깨끗해요
2627,4012,다양해요
2628,4012,독특해요
2629,4013,연인끼리
2630,4013,맛있어요
2631,4013,친절해요
2632,4013,다양해요
2633,4013,독특해요
2634,4014,연인끼리
2635,4014,맛있어요
2636,4014,친절해요
2637,4014,깨끗해요
2638,4015,연인끼리
2639,4015,맛있어요
2640,4015,친절해요
2641,4015,깨끗해요
2642,4015,다양해요
2643,4015,독특해요
2644,4016,연인끼리
2645,4016,맛있어요
2646,4016,친절해요
2647,4016,다양해요
2648,4016,독특해요
2649,4017,맛있어요
2650,4017,만족해요
2651,4017,친절해요
2652,4017,깨끗해요
2653,4017,다양해요
2654,4017,독특해요
2655,4018,연인끼리
2656,4018,맛있어요
2657,4018,친절해요
2658,4018,깨끗해요
2659,4018,다양해요
2660,4018,독특해요
2661,4019,연인끼리
2662,4019,맛있어요
2663,4019,만족해요
2664,4019,친절해요
2665,4019,깨끗해요
2666,4019,다양해요
2667,4019,독특해요
2668,4020,연인끼리
2669,4020,맛있어요
2670,4020,친절해요
2671,4020,깨끗해요
2672,4020,다양해요
2673,4020,독특해요
2674,4021,연인끼리
2675,4021,맛있어요
2676,4021,친절해요
2677,4021,깨끗해요
2678,4022,연인끼리
2679,4022,맛있어요
2680,4022,친절해요
2681,4022,깨끗해요
2682,4022,다양해요
2683,4022,독특해요
2684,4023,연인끼리
2685,4023,맛있어요
2686,4023,친절해요
2687,4023,다양해요
2688,4023,독특해요
2689,4024,연인끼리
2690,4024,맛있어요
2691,4024,친절해요
2692,4024,편리해요
2693,4024,다양해요
2694,4024,독특해요
2695,4025,연인끼리
2696,4025,맛있어요
2697,4025,친절해요
2698,4025,깨끗해요
2699,4026,연인끼리
2700,4026,맛있어요
2701,4026,친절해요
2702,4026,깨끗해요
2703,4027,연인끼리
2704,4027,맛있어요
2705,4027,친절해요
2706,4027,깨끗해요
2707,4028,작업공간
2708,4028,연인끼리
2709,4028,맛있어요
2710,4028,깨끗해요
2711,4029,연인끼리
2712,4029,맛있어요
2713,4029,친절해요
2714,4029,다양해요
2715,4029,독특해요
2716,4030,연인끼리
2717,4030,맛있어요
2718,4030,깨끗해요
2719,4031,연인끼리
2720,4031,맛있어요
2721,4031,친절해요
2722,4031,깨끗해요
2723,4031,다양해요
2724,4031,독특해요
2725,4032,연인끼리
2726,4032,맛있어요
2727,4032,친절해요
2728,4032,깨끗해요
2729,4032,다양해요
2730,4032,독특해요
2731,4033,연인끼리
2732,4033,맛있어요
2733,4033,친절해요
2734,4033,다양해요
2735,4033,독특해요
2736,4034,연인끼리
2737,4034,맛있어요
2738,4034,친절해요
2739,4034,다양해요
2740,4034,독특해요
2741,4035,연인끼리
2742,4035,맛있어요
2743,4035,친절해요
2744,4035,깨끗해요
2745,4035,다양해요
2746,4035,독특해요
2747,4036,연인끼리
2748,4036,맛있어요
2749,4036,친절해요
2750,4036,깨끗해요
2751,4037,연인끼리
2752,4037,맛있어요
2753,4037,친절해요
2754,4037,깨끗해요
2755,4037,다양해요
2756,4037,독특해요
2757,4038,연인끼리
2758,4038,맛있어요
2759,4038,친절해요
2760,4038,깨끗해요
2761,4038,다양해요
2762,4038,독특해요
2763,4039,연인끼리
2764,4039,맛있어요
2765,4039,친절해요
2766,4039,깨끗해요
2767,4040,연인끼리
2768,4040,맛있어요
2769,4040,친절해요
2770,4040,다양해요
2771,4040,독특해요
2772,4041,연인끼리
2773,4041,맛있어요
2774,4041,깨끗해요
2775,4042,연인끼리
2776,4042,맛있어요
2777,4042,친절해요
2778,4042,다양해요
2779,4042,독특해요
2780,4043,연인끼리
2781,4043,맛있어요
2782,4043,깨끗해요
2783,4043,다양해요
2784,4043,독특해요
2785,4044,연인끼리
2786,4044,맛있어요
2787,4044,편리해요
2788,4044,깨끗해요
2789,4045,연인끼리
2790,4045,맛있어요
2791,4045,친절해요
2792,4045,깨끗해요
2793,4045,다양해요
2794,4045,독특해요
2795,4046,연인끼리
2796,4046,맛있어요
2797,4046,친절해요
2798,4046,깨끗해요
2799,4046,다양해요
2800,4046,독특해요
2801,4047,연인끼리
2802,4047,맛있어요
2803,4047,친절해요
2804,4047,다양해요
2805,4047,독특해요
2806,2000,혼밥혼술
2807,2000,연인끼리
2808,2000,가족끼리
2809,2000,맛있어요
2810,2000,친절해요
2811,2000,편리해요
2812,2000,다양해요
2813,2000,독특해요
2814,2001,연인끼리
2815,2001,가족끼리
2816,2001,맛있어요
2817,2001,친절해요
2818,2001,편리해요
2819,2001,깨끗해요
2820,2001,다양해요
2821,2001,독특해요
2822,2002,혼밥혼술
2823,2002,연인끼리
2824,2002,맛있어요
2825,2002,친절해요
2826,2002,깨끗해요
2827,2002,다양해요
2828,2002,독특해요
2829,2003,연인끼리
2830,2003,맛있어요
2831,2003,친절해요
2832,2003,깨끗해요
2833,2003,다양해요
2834,2003,독특해요
2835,2004,혼밥혼술
2836,2004,연인끼리
2837,2004,맛있어요
2838,2004,친절해요
2839,2004,깨끗해요
2840,2004,다양해요
2841,2004,독특해요
2842,2005,연인끼리
2843,2005,맛있어요
2844,2005,만족해요
2845,2005,친절해요
2846,2005,깨끗해요
2847,2005,다양해요
2848,2005,독특해요
2849,2006,가족끼리
2850,2006,맛있어요
2851,2006,만족해요
2852,2006,친절해요
2853,2006,다양해요
2854,2006,독특해요
2855,2007,혼밥혼술
2856,2007,맛있어요
2857,2007,만족해요
2858,2007,친절해요
2859,2007,깨끗해요
2860,2008,혼밥혼술
2861,2008,연인끼리
2862,2008,맛있어요
2863,2008,친절해요
2864,2008,깨끗해요
2865,2008,다양해요
2866,2008,독특해요
2867,2009,혼밥혼술
2868,2009,연인끼리
2869,2009,맛있어요
2870,2009,친절해요
2871,2009,깨끗해요
2872,2009,다양해요
2873,2009,독특해요
2874,2010,연인끼리
2875,2010,가족끼리
2876,2010,맛있어요
2877,2010,친절해요
2878,2010,편리해요
2879,2010,깨끗해요
2880,2010,다양해요
2881,2010,독특해요
2882,2011,연인끼리
2883,2011,맛있어요
2884,2011,친절해요
2885,2011,깨끗해요
2886,2011,다양해요
2887,2011,독특해요
2888,2012,연인끼리
2889,2012,맛있어요
2890,2012,친절해요
2891,2012,깨끗해요
2892,2012,다양해요
2893,2012,독특해요
2894,2013,연인끼리
2895,2013,맛있어요
2896,2013,친절해요
2897,2013,깨끗해요
2898,2013,다양해요
2899,2013,독특해요
2900,2014,연인끼리
2901,2014,맛있어요
2902,2014,만족해요
2903,2014,친절해요
2904,2014,깨끗해요
2905,2014,다양해요
2906,2014,독특해요
2907,2015,혼밥혼술
2908,2015,연인끼리
2909,2015,맛있어요
2910,2015,친절해요
2911,2015,깨끗해요
2912,2015,다양해요
2913,2015,독특해요
2914,2016,맛있어요
2915,2016,만족해요
2916,2016,친절해요
2917,2016,깨끗해요
2918,2016,다양해요
2919,2016,독특해요
2920,2017,혼밥혼술
2921,2017,연인끼리
2922,2017,맛있어요
2923,2017,만족해요
2924,2017,친절해요
2925,2017,깨끗해요
2926,2017,다양해요
2927,2017,독특해요
2928,2018,혼밥혼술
2929,2018,맛있어요
2930,2018,만족해요
2931,2018,친절해요
2932,2018,깨끗해요
2933,2018,다양해요
2934,2018,독특해요
2935,2019,혼밥혼술
2936,2019,맛있어요
2937,2019,만족해요
2938,2019,친절해요
2939,2019,깨끗해요
2940,2019,다양해요
2941,2019,독특해요
2942,2020,혼밥혼술
2943,2020,연인끼리
2944,2020,맛있어요
2945,2020,친절해요
2946,2020,깨끗해요
2947,2020,다양해요
2948,2020,독특해요
2949,2021,가족끼리
2950,2021,맛있어요
2951,2021,만족해요
2952,2021,친절해요
2953,2021,편리해요
2954,2021,깨끗해요
2955,2021,다양해요
2956,2021,독특해요
2957,2022,연인끼리
2958,2022,맛있어요
2959,2022,만족해요
2960,2022,친절해요
2961,2022,깨끗해요
2962,2022,다양해요
2963,2022,독특해요
2964,2023,연인끼리
2965,2023,맛있어요
2966,2023,만족해요
2967,2023,친절해요
2968,2023,깨끗해요
2969,2023,다양해요
2970,2023,독특해요
2971,2024,혼밥혼술
2972,2024,연인끼리
2973,2024,맛있어요
2974,2024,친절해요
2975,2024,깨끗해요
2976,2024,다양해요
2977,2024,독특해요
2978,2025,혼밥혼술
2979,2025,맛있어요
2980,2025,만족해요
2981,2025,친절해요
2982,2025,깨끗해요
2983,2025,다양해요
2984,2025,독특해요
2985,2026,혼밥혼술
2986,2026,맛있어요
2987,2026,만족해요
2988,2026,친절해요
2989,2026,깨끗해요
2990,2026,다양해요
2991,2026,독특해요
2992,2027,혼밥혼술
2993,2027,연인끼리
2994,2027,맛있어요
2995,2027,친절해요
2996,2027,깨끗해요
2997,2027,다양해요
2998,2027,독특해요
2999,2028,연인끼리
3000,2028,가족끼리
3001,2028,맛있어요
3002,2028,친절해요
3003,2028,편리해요
3004,2028,깨끗해요
3005,2028,다양해요
3006,2028,독특해요
3007,2029,연인끼리
3008,2029,맛있어요
3009,2029,친절해요
3010,2029,깨끗해요
3011,2029,다양해요
3012,2029,독특해요
3013,2030,연인끼리
3014,2030,맛있어요
3015,2030,만족해요
3016,2030,친절해요
3017,2030,깨끗해요
3018,2031,연인끼리
3019,2031,맛있어요
3020,2031,만족해요
3021,2031,친절해요
3022,2031,깨끗해요
3023,2031,다양해요
3024,2031,독특해요
3025,2032,혼밥혼술
3026,2032,연인끼리
3027,2032,맛있어요
3028,2032,만족해요
3029,2032,친절해요
3030,2032,깨끗해요
3031,2032,다양해요
3032,2032,독특해요
3033,2033,혼밥혼술
3034,2033,맛있어요
3035,2033,만족해요
3036,2033,친절해요
3037,2033,깨끗해요
3038,2033,다양해요
3039,2033,독특해요
3040,2034,연인끼리
3041,2034,맛있어요
3042,2034,만족해요
3043,2034,친절해요
3044,2034,다양해요
3045,2034,독특해요
3046,2035,혼밥혼술
3047,2035,맛있어요
3048,2035,만족해요
3049,2035,친절해요
3050,2035,깨끗해요
3051,2035,다양해요
3052,2035,독특해요
3053,2036,혼밥혼술
3054,2036,맛있어요
3055,2036,만족해요
3056,2036,친절해요
3057,2036,다양해요
3058,2036,독특해요
3059,2037,혼밥혼술
3060,2037,맛있어요
3061,2037,만족해요
3062,2037,친절해요
3063,2037,깨끗해요
3064,2037,다양해요
3065,2037,독특해요
3066,2038,연인끼리
3067,2038,맛있어요
3068,2038,만족해요
3069,2038,친절해요
3070,2038,다양해요
3071,2038,독특해요
3072,2039,혼밥혼술
3073,2039,맛있어요
3074,2039,만족해요
3075,2039,친절해요
3076,2039,깨끗해요
3077,2039,다양해요
3078,2039,독특해요
3079,2040,맛있어요
3080,2040,만족해요
3081,2040,친절해요
3082,2040,깨끗해요
3083,2040,다양해요
3084,2040,독특해요
3085,2041,연인끼리
3086,2041,맛있어요
3087,2041,친절해요
3088,2041,깨끗해요
3089,2041,다양해요
3090,2041,독특해요
3091,2042,혼밥혼술
3092,2042,맛있어요
3093,2042,만족해요
3094,2042,친절해요
3095,2042,깨끗해요
3096,2043,혼밥혼술
3097,2043,맛있어요
3098,2043,만족해요
3099,2043,친절해요
3100,2043,깨끗해요
3101,2043,다양해요
3102,2043,독특해요
3103,2044,혼밥혼술
3104,2044,연인끼리
3105,2044,맛있어요
3106,2044,친절해요
3107,2044,깨끗해요
3108,2044,다양해요
3109,2044,독특해요
3110,2045,혼밥혼술
3111,2045,맛있어요
3112,2045,만족해요
3113,2045,친절해요
3114,2045,다양해요
3115,2045,독특해요
3116,2046,맛있어요
3117,2046,만족해요
3118,2046,친절해요
3119,2046,깨끗해요
3120,2047,혼밥혼술
3121,2047,맛있어요
3122,2047,만족해요
3123,2047,친절해요
3124,2047,깨끗해요
3125,2047,다양해요
3126,2047,독특해요
